fixture,stones,candidates,variant,prepare_us,move_us,amortized_us,speedup,points,dormant,supports,groups,certified,reactivated,negative_cells,eligible_negative_cells
play-r0-ply0,0,12,baseline,0.000,0.518,0.518,1.000,0,0,0,0,0,0,0,0
play-r0-ply0,0,12,legacy,0.240,0.531,0.551,0.940,0,0,0,0,0,0,0,0
play-r0-ply0,0,12,all,0.224,0.571,0.590,0.878,4,0,0,12,2,0,0,0
play-r0-ply0,0,12,four,0.198,0.569,0.586,0.884,4,0,0,12,2,0,0,0
play-r0-ply0,0,12,negative,0.408,0.568,0.602,0.861,4,0,0,12,2,0,0,0
play-r0-ply20,14,16,baseline,0.000,17.226,17.226,1.000,0,0,0,0,0,0,0,0
play-r0-ply20,14,16,legacy,22.858,16.900,18.329,0.940,0,0,0,0,0,0,0,0
play-r0-ply20,14,16,all,23.440,15.269,16.734,1.029,120,110,448,72,60,60,0,0
play-r0-ply20,14,16,four,32.800,15.040,17.090,1.008,120,110,56,72,60,60,0,0
play-r0-ply20,14,16,negative,50.438,14.122,17.275,0.997,120,110,448,72,60,60,7,112
play-r0-ply40,14,16,baseline,0.000,11.533,11.533,1.000,0,0,0,0,0,0,0,0
play-r0-ply40,14,16,legacy,16.866,11.338,12.392,0.931,0,0,0,0,0,0,0,0
play-r0-ply40,14,16,all,18.008,10.691,11.816,0.976,124,110,463,34,32,20,0,0
play-r0-ply40,14,16,four,26.374,10.665,12.313,0.937,124,110,56,34,32,20,0,0
play-r0-ply40,14,16,negative,40.218,10.557,13.071,0.882,124,110,463,34,32,20,6,96
play-r0-ply60,9,16,baseline,0.000,9.712,9.712,1.000,0,0,0,0,0,0,0,0
play-r0-ply60,9,16,legacy,8.924,9.439,9.997,0.971,0,0,0,0,0,0,0,0
play-r0-ply60,9,16,all,7.980,8.327,8.826,1.100,69,40,180,59,56,0,0,0
play-r0-ply60,9,16,four,11.190,8.303,9.002,1.079,69,40,36,59,56,0,0,0
play-r0-ply60,9,16,negative,17.000,8.366,9.429,1.030,69,40,180,59,56,0,0,0
play-r0-ply80,9,16,baseline,0.000,7.703,7.703,1.000,0,0,0,0,0,0,0,0
play-r0-ply80,9,16,legacy,16.868,6.510,7.565,1.018,0,0,0,0,0,0,0,0
play-r0-ply80,9,16,all,6.548,5.826,6.236,1.235,54,30,126,49,48,0,0,0
play-r0-ply80,9,16,four,8.706,5.832,6.376,1.208,54,30,36,49,48,0,0,0
play-r0-ply80,9,16,negative,18.256,5.813,6.954,1.108,54,30,126,49,48,0,1,16
play-r0-ply100,10,16,baseline,0.000,9.860,9.860,1.000,0,0,0,0,0,0,0,0
play-r0-ply100,10,16,legacy,10.866,9.851,10.530,0.936,0,0,0,0,0,0,0,0
play-r0-ply100,10,16,all,10.140,9.709,10.343,0.953,87,64,269,35,31,0,0,0
play-r0-ply100,10,16,four,15.044,9.715,10.655,0.925,87,64,40,35,31,0,0,0
play-r0-ply100,10,16,negative,20.598,9.768,11.056,0.892,87,64,269,35,31,0,1,19
play-r0-ply120,9,16,baseline,0.000,7.039,7.039,1.000,0,0,0,0,0,0,0,0
play-r0-ply120,9,16,legacy,11.416,6.193,6.906,1.019,0,0,0,0,0,0,0,0
play-r0-ply120,9,16,all,5.974,5.572,5.945,1.184,46,26,103,53,52,0,0,0
play-r0-ply120,9,16,four,8.544,5.554,6.088,1.156,46,26,36,53,52,0,0,0
play-r0-ply120,9,16,negative,14.670,5.606,6.523,1.079,46,26,103,53,52,0,0,0
play-r0-ply140,14,16,baseline,0.000,8.846,8.846,1.000,0,0,0,0,0,0,0,0
play-r0-ply140,14,16,legacy,10.714,8.584,9.254,0.956,0,0,0,0,0,0,0,0
play-r0-ply140,14,16,all,13.856,8.604,9.470,0.934,96,75,333,16,16,0,0,0
play-r0-ply140,14,16,four,20.212,8.604,9.868,0.896,96,75,56,16,16,0,0,0
play-r0-ply140,14,16,negative,33.022,8.644,10.708,0.826,96,75,333,16,16,0,3,48
play-r1-ply0,0,12,baseline,0.000,0.486,0.486,1.000,0,0,0,0,0,0,0,0
play-r1-ply0,0,12,legacy,0.226,0.495,0.514,0.947,0,0,0,0,0,0,0,0
play-r1-ply0,0,12,all,0.196,0.542,0.558,0.871,4,0,0,12,0,0,0,0
play-r1-ply0,0,12,four,0.196,0.537,0.554,0.878,4,0,0,12,0,0,0,0
play-r1-ply0,0,12,negative,0.396,0.537,0.570,0.853,4,0,0,12,0,0,0,0
play-r1-ply20,20,16,baseline,0.000,18.350,18.350,1.000,0,0,0,0,0,0,0,0
play-r1-ply20,20,16,legacy,26.920,17.267,18.950,0.968,0,0,0,0,0,0,0,0
play-r1-ply20,20,16,all,17.628,16.986,18.087,1.015,96,39,187,96,94,3,0,0
play-r1-ply20,20,16,four,21.298,16.997,18.329,1.001,96,39,80,96,94,3,0,0
play-r1-ply20,20,16,negative,46.816,16.991,19.917,0.921,96,39,187,96,94,3,0,0
play-r1-ply40,37,16,baseline,0.000,45.496,45.496,1.000,0,0,0,0,0,0,0,0
play-r1-ply40,37,16,legacy,93.950,37.130,43.002,1.058,0,0,0,0,0,0,0,0
play-r1-ply40,37,16,all,73.008,36.300,40.863,1.113,227,157,669,156,156,0,0,0
play-r1-ply40,37,16,four,81.530,36.144,41.240,1.103,227,157,148,156,156,0,0,0
play-r1-ply40,37,16,negative,193.826,36.292,48.406,0.940,227,157,669,156,156,0,4,64
play-r1-ply60,51,15,baseline,0.000,237.869,237.869,1.000,0,0,0,0,0,0,0,0
play-r1-ply60,51,15,legacy,267.426,134.151,151.979,1.565,0,0,0,0,0,0,0,0
play-r1-ply60,51,15,all,171.198,132.872,144.285,1.649,429,401,1665,204,177,67,0,0
play-r1-ply60,51,15,four,202.242,132.205,145.688,1.633,429,401,204,204,177,67,0,0
play-r1-ply60,51,15,negative,550.293,132.134,168.820,1.409,429,401,1665,204,177,67,17,255
play-r1-ply80,54,9,baseline,0.000,235.644,235.644,1.000,0,0,0,0,0,0,0,0
play-r1-ply80,54,9,legacy,353.358,208.390,247.652,0.952,0,0,0,0,0,0,0,0
play-r1-ply80,54,9,all,215.708,173.091,197.059,1.196,514,498,2173,80,60,135,0,0
play-r1-ply80,54,9,four,261.590,172.047,201.113,1.172,514,498,216,80,60,135,0,0
play-r1-ply80,54,9,negative,697.685,148.458,225.978,1.043,514,498,2173,80,60,135,35,315
play-r1-ply100,37,16,baseline,0.000,53.784,53.784,1.000,0,0,0,0,0,0,0,0
play-r1-ply100,37,16,legacy,81.842,46.255,51.370,1.047,0,0,0,0,0,0,0,0
play-r1-ply100,37,16,all,91.152,44.617,50.314,1.069,305,252,1105,60,58,0,0,0
play-r1-ply100,37,16,four,109.738,44.483,51.342,1.048,305,252,148,60,58,0,0,0
play-r1-ply100,37,16,negative,262.054,44.615,60.993,0.882,305,252,1105,60,58,0,14,252
play-r1-ply120,52,16,baseline,0.000,92.456,92.456,1.000,0,0,0,0,0,0,0,0
play-r1-ply120,52,16,legacy,142.888,86.058,94.988,0.973,0,0,0,0,0,0,0,0
play-r1-ply120,52,16,all,190.076,75.850,87.730,1.054,467,438,1903,87,83,1,0,0
play-r1-ply120,52,16,four,230.392,75.499,89.899,1.028,467,438,208,87,83,1,0,0
play-r1-ply120,52,16,negative,543.571,75.626,109.599,0.844,467,438,1903,87,83,1,27,486
play-r1-ply140,25,16,baseline,0.000,25.338,25.338,1.000,0,0,0,0,0,0,0,0
play-r1-ply140,25,16,legacy,54.718,24.051,27.470,0.922,0,0,0,0,0,0,0,0
play-r1-ply140,25,16,all,37.206,23.845,26.170,0.968,167,115,544,86,84,0,0,0
play-r1-ply140,25,16,four,46.402,23.782,26.682,0.950,167,115,99,86,84,0,0,0
play-r1-ply140,25,16,negative,88.554,23.818,29.353,0.863,167,115,544,86,84,0,4,64
play-r2-ply0,0,12,baseline,0.000,0.463,0.463,1.000,0,0,0,0,0,0,0,0
play-r2-ply0,0,12,legacy,0.224,0.469,0.487,0.949,0,0,0,0,0,0,0,0
play-r2-ply0,0,12,all,0.200,0.515,0.531,0.871,4,0,0,12,0,0,0,0
play-r2-ply0,0,12,four,0.188,0.514,0.530,0.874,4,0,0,12,0,0,0,0
play-r2-ply0,0,12,negative,0.398,0.513,0.546,0.848,4,0,0,12,0,0,0,0
play-r2-ply20,20,16,baseline,0.000,18.418,18.418,1.000,0,0,0,0,0,0,0,0
play-r2-ply20,20,16,legacy,31.024,17.937,19.876,0.927,0,0,0,0,0,0,0,0
play-r2-ply20,20,16,all,15.468,16.942,17.909,1.028,89,27,138,96,95,0,0,0
play-r2-ply20,20,16,four,17.300,16.952,18.033,1.021,89,27,78,96,95,0,0,0
play-r2-ply20,20,16,negative,40.116,16.977,19.484,0.945,89,27,138,96,95,0,0,0
play-r2-ply40,40,16,baseline,0.000,68.489,68.489,1.000,0,0,0,0,0,0,0,0
play-r2-ply40,40,16,legacy,112.376,51.529,58.553,1.170,0,0,0,0,0,0,0,0
play-r2-ply40,40,16,all,53.732,45.404,48.763,1.405,176,68,332,130,129,0,0,0
play-r2-ply40,40,16,four,57.730,45.130,48.738,1.405,176,68,159,130,129,0,0,0
play-r2-ply40,40,16,negative,179.486,45.252,56.470,1.213,176,68,332,130,129,0,1,16
play-r2-ply60,60,16,baseline,0.000,132.626,132.626,1.000,0,0,0,0,0,0,0,0
play-r2-ply60,60,16,legacy,222.064,93.984,107.863,1.230,0,0,0,0,0,0,0,0
play-r2-ply60,60,16,all,123.150,81.676,89.373,1.484,283,111,571,174,174,0,0,0
play-r2-ply60,60,16,four,125.214,81.143,88.968,1.491,283,111,240,174,174,0,0,0
play-r2-ply60,60,16,negative,441.813,81.019,108.632,1.221,283,111,571,174,174,0,1,16
play-r2-ply80,80,16,baseline,0.000,213.581,213.581,1.000,0,0,0,0,0,0,0,0
play-r2-ply80,80,16,legacy,388.925,161.988,186.295,1.146,0,0,0,0,0,0,0,0
play-r2-ply80,80,16,all,252.816,134.416,150.217,1.422,401,173,878,233,233,0,0,0
play-r2-ply80,80,16,four,228.688,133.695,147.988,1.443,401,173,320,233,233,0,0,0
play-r2-ply80,80,16,negative,813.373,133.730,184.566,1.157,401,173,878,233,233,0,1,16
play-r2-ply100,100,16,baseline,0.000,352.206,352.206,1.000,0,0,0,0,0,0,0,0
play-r2-ply100,100,16,legacy,657.839,275.549,316.664,1.112,0,0,0,0,0,0,0,0
play-r2-ply100,100,16,all,365.829,211.788,234.652,1.501,558,286,1388,227,227,0,0,0
play-r2-ply100,100,16,four,390.529,212.602,237.010,1.486,558,286,400,227,227,0,0,0
play-r2-ply100,100,16,negative,1324.066,209.229,291.983,1.206,558,286,1388,227,227,0,4,64
play-r2-ply120,120,16,baseline,0.000,629.001,629.001,1.000,0,0,0,0,0,0,0,0
play-r2-ply120,120,16,legacy,1104.532,359.134,428.167,1.469,0,0,0,0,0,0,0,0
play-r2-ply120,120,16,all,563.209,384.789,419.990,1.498,730,448,2054,235,219,0,0,0
play-r2-ply120,120,16,four,637.083,383.979,423.797,1.484,730,448,480,235,219,0,0,0
play-r2-ply120,120,16,negative,2429.352,350.789,502.623,1.251,730,448,2054,235,219,0,9,144
play-r2-ply140,140,16,baseline,0.000,910.688,910.688,1.000,0,0,0,0,0,0,0,0
play-r2-ply140,140,16,legacy,1623.674,502.389,603.869,1.508,0,0,0,0,0,0,0,0
play-r2-ply140,140,16,all,817.049,510.308,561.374,1.622,931,624,2913,229,213,0,0,0
play-r2-ply140,140,16,four,896.945,508.167,564.226,1.614,931,624,560,229,213,0,0,0
play-r2-ply140,140,16,negative,3517.553,469.004,688.851,1.322,931,624,2913,229,213,0,12,192
lattice-4,16,10,baseline,0.000,25.811,25.811,1.000,0,0,0,0,0,0,0,0
lattice-4,16,10,legacy,21.436,25.741,27.884,0.926,0,0,0,0,0,0,0,0
lattice-4,16,10,all,23.250,25.573,27.898,0.925,138,135,618,170,10,500,0,0
lattice-4,16,10,four,37.666,25.430,29.197,0.884,138,135,64,170,10,500,0,0
lattice-4,16,10,negative,50.588,18.207,23.266,1.109,138,135,618,170,10,500,13,130
lattice-8,64,16,baseline,0.000,630.363,630.363,1.000,0,0,0,0,0,0,0,0
lattice-8,64,16,legacy,572.939,602.387,638.196,0.988,0,0,0,0,0,0,0,0
lattice-8,64,16,all,245.996,594.752,610.127,1.033,664,619,3028,1167,381,2789,0,0
lattice-8,64,16,four,324.043,592.672,612.925,1.028,664,619,256,1167,381,2789,0,0
lattice-8,64,16,negative,1238.840,142.558,219.986,2.865,664,619,3028,1167,381,2789,49,784
lattice-16,256,16,baseline,0.000,15577.371,15577.371,1.000,0,0,0,0,0,0,0,0
lattice-16,256,16,legacy,15846.669,15280.508,16270.925,0.957,0,0,0,0,0,0,0,0
lattice-16,256,16,all,3306.331,15131.422,15338.068,1.016,2824,2761,11911,4374,769,13666,0,0
lattice-16,256,16,four,3574.591,15095.196,15318.608,1.017,2824,2761,1024,4374,765,13666,0,0
lattice-16,256,16,negative,32117.468,1558.519,3565.861,4.368,2824,2761,11911,4374,769,13666,225,3600
