radius,workers,sample,variant,games,completed,plies,simulations,nodes,seconds,plies_per_second,nodes_per_second,result_sha256
0.1,1,0,before,4,2,176,11264,11088,0.437947,401.8751127419528,25318.132102743028,734802334098e6d00ef7884ef47fed532e647bf50321be5a319704743d8e4b9f
0.1,1,0,after,4,2,176,11264,11088,0.415607,423.4769866725055,26679.050160367846,734802334098e6d00ef7884ef47fed532e647bf50321be5a319704743d8e4b9f
0.1,1,1,after,4,2,176,11264,11088,0.435619,404.022781375468,25453.435226654485,734802334098e6d00ef7884ef47fed532e647bf50321be5a319704743d8e4b9f
0.1,1,1,before,4,2,176,11264,11088,0.449206,391.802424722733,24683.55275753218,734802334098e6d00ef7884ef47fed532e647bf50321be5a319704743d8e4b9f
0.1,1,2,before,4,2,176,11264,11088,0.449044,391.9437738840737,24692.457754696643,734802334098e6d00ef7884ef47fed532e647bf50321be5a319704743d8e4b9f
0.1,1,2,after,4,2,176,11264,11088,0.419053,419.99460688743426,26459.66023390836,734802334098e6d00ef7884ef47fed532e647bf50321be5a319704743d8e4b9f
0.1,1,3,after,4,2,176,11264,11088,0.423794,415.2961108463074,26163.654983317367,734802334098e6d00ef7884ef47fed532e647bf50321be5a319704743d8e4b9f
0.1,1,3,before,4,2,176,11264,11088,0.455241,386.608411808251,24356.329943919813,734802334098e6d00ef7884ef47fed532e647bf50321be5a319704743d8e4b9f
0.1,1,4,before,4,2,176,11264,11088,0.445206,395.32261469971206,24905.32472608186,734802334098e6d00ef7884ef47fed532e647bf50321be5a319704743d8e4b9f
0.1,1,4,after,4,2,176,11264,11088,0.426177,412.9739521372575,26017.358984647224,734802334098e6d00ef7884ef47fed532e647bf50321be5a319704743d8e4b9f
0.05555555555555555,1,0,before,4,0,256,16384,16380,1.969973,129.95101963326402,8314.834771847127,d6616a3ca131b47362c05e9594bb4e4fbbb1eec00d65e0d172e9bd0f5dadb5db
0.05555555555555555,1,0,after,4,0,256,16384,16380,1.954182,131.0011042983714,8382.023782841106,d6616a3ca131b47362c05e9594bb4e4fbbb1eec00d65e0d172e9bd0f5dadb5db
0.05555555555555555,1,1,after,4,0,256,16384,16380,1.960762,130.56148578970829,8353.895067325866,d6616a3ca131b47362c05e9594bb4e4fbbb1eec00d65e0d172e9bd0f5dadb5db
0.05555555555555555,1,1,before,4,0,256,16384,16380,1.984769,128.98226443480326,8252.849575945615,d6616a3ca131b47362c05e9594bb4e4fbbb1eec00d65e0d172e9bd0f5dadb5db
0.05555555555555555,1,2,before,4,0,256,16384,16380,1.979414,129.33120610443294,8275.176390588325,d6616a3ca131b47362c05e9594bb4e4fbbb1eec00d65e0d172e9bd0f5dadb5db
0.05555555555555555,1,2,after,4,0,256,16384,16380,1.954399,130.9865590393773,8381.093113535158,d6616a3ca131b47362c05e9594bb4e4fbbb1eec00d65e0d172e9bd0f5dadb5db
0.05555555555555555,1,3,after,4,0,256,16384,16380,1.9708,129.89648873553887,8311.345646437994,d6616a3ca131b47362c05e9594bb4e4fbbb1eec00d65e0d172e9bd0f5dadb5db
0.05555555555555555,1,3,before,4,0,256,16384,16380,1.972361,129.79368381346012,8304.767737751861,d6616a3ca131b47362c05e9594bb4e4fbbb1eec00d65e0d172e9bd0f5dadb5db
0.05555555555555555,1,4,before,4,0,256,16384,16380,2.0012,127.92324605236858,8185.088946632021,d6616a3ca131b47362c05e9594bb4e4fbbb1eec00d65e0d172e9bd0f5dadb5db
0.05555555555555555,1,4,after,4,0,256,16384,16380,1.962189,130.4665350789348,8347.81970544122,d6616a3ca131b47362c05e9594bb4e4fbbb1eec00d65e0d172e9bd0f5dadb5db
0.05555555555555555,2,0,before,4,0,256,16384,16380,1.098035,233.1437522483345,14917.557272764529,d6616a3ca131b47362c05e9594bb4e4fbbb1eec00d65e0d172e9bd0f5dadb5db
0.05555555555555555,2,0,after,4,0,256,16384,16380,1.047065,244.49293978883836,15643.727944301454,d6616a3ca131b47362c05e9594bb4e4fbbb1eec00d65e0d172e9bd0f5dadb5db
0.05555555555555555,2,1,after,4,0,256,16384,16380,1.065407,240.2837601029466,15374.406212836971,d6616a3ca131b47362c05e9594bb4e4fbbb1eec00d65e0d172e9bd0f5dadb5db
0.05555555555555555,2,1,before,4,0,256,16384,16380,1.09682,233.4020167393009,14934.082164803707,d6616a3ca131b47362c05e9594bb4e4fbbb1eec00d65e0d172e9bd0f5dadb5db
0.05555555555555555,2,2,before,4,0,256,16384,16380,1.100745,232.56975957192626,14880.830710109969,d6616a3ca131b47362c05e9594bb4e4fbbb1eec00d65e0d172e9bd0f5dadb5db
0.05555555555555555,2,2,after,4,0,256,16384,16380,1.060756,241.33731037109382,15441.816968275456,d6616a3ca131b47362c05e9594bb4e4fbbb1eec00d65e0d172e9bd0f5dadb5db
0.05555555555555555,2,3,after,4,0,256,16384,16380,1.058659,241.81535319682732,15472.404239703246,d6616a3ca131b47362c05e9594bb4e4fbbb1eec00d65e0d172e9bd0f5dadb5db
0.05555555555555555,2,3,before,4,0,256,16384,16380,1.093805,234.0453737183502,14975.246959010063,d6616a3ca131b47362c05e9594bb4e4fbbb1eec00d65e0d172e9bd0f5dadb5db
0.05555555555555555,2,4,before,4,0,256,16384,16380,1.10374,231.9386812111548,14840.451555619984,d6616a3ca131b47362c05e9594bb4e4fbbb1eec00d65e0d172e9bd0f5dadb5db
0.05555555555555555,2,4,after,4,0,256,16384,16380,1.084836,235.98036938302198,15099.056447241795,d6616a3ca131b47362c05e9594bb4e4fbbb1eec00d65e0d172e9bd0f5dadb5db
0.02631578947368421,1,0,before,4,0,256,16384,16384,1.598277,160.1724857455873,10251.039087717587,1fb29a9bb5dee8b6b55dfa94e31539d9bd30286c6a64f7e96e147947cfe3333c
0.02631578947368421,1,0,after,4,0,256,16384,16384,1.466007,174.6239956562281,11175.935721998598,1fb29a9bb5dee8b6b55dfa94e31539d9bd30286c6a64f7e96e147947cfe3333c
0.02631578947368421,1,1,after,4,0,256,16384,16384,1.467852,174.40450399631573,11161.888255764206,1fb29a9bb5dee8b6b55dfa94e31539d9bd30286c6a64f7e96e147947cfe3333c
0.02631578947368421,1,1,before,4,0,256,16384,16384,1.595898,160.4112543533484,10266.320278614297,1fb29a9bb5dee8b6b55dfa94e31539d9bd30286c6a64f7e96e147947cfe3333c
0.02631578947368421,1,2,before,4,0,256,16384,16384,1.596155,160.38542622740272,10264.667278553774,1fb29a9bb5dee8b6b55dfa94e31539d9bd30286c6a64f7e96e147947cfe3333c
0.02631578947368421,1,2,after,4,0,256,16384,16384,1.475337,173.51967719917553,11105.259340747234,1fb29a9bb5dee8b6b55dfa94e31539d9bd30286c6a64f7e96e147947cfe3333c
0.02631578947368421,1,3,after,4,0,256,16384,16384,1.475146,173.54214430300456,11106.697235392292,1fb29a9bb5dee8b6b55dfa94e31539d9bd30286c6a64f7e96e147947cfe3333c
0.02631578947368421,1,3,before,4,0,256,16384,16384,1.58948,161.0589626796185,10307.773611495584,1fb29a9bb5dee8b6b55dfa94e31539d9bd30286c6a64f7e96e147947cfe3333c
0.02631578947368421,1,4,before,4,0,256,16384,16384,1.584142,161.60167459735302,10342.507174230594,1fb29a9bb5dee8b6b55dfa94e31539d9bd30286c6a64f7e96e147947cfe3333c
0.02631578947368421,1,4,after,4,0,256,16384,16384,1.456841,175.72267666821568,11246.251306765804,1fb29a9bb5dee8b6b55dfa94e31539d9bd30286c6a64f7e96e147947cfe3333c
